{"cameraMode":{"drawMode":0,"name":"Shaded","section":"Shading Mode"},"sceneLighting":true,"audioPlay":false,"sceneViewState":{"showFog":true,"showMaterialUpdate":false,"showSkybox":true,"showFlares":true,"showImageEffects":true,"showParticleSystems":true},"in2DMode":false,"pivot":{"x":-0.020423173904418947,"y":0.7808929681777954,"z":0.004861235618591309},"rotation":{"x":-0.31294184923171999,"y":-0.010830014944076538,"z":0.003568646963685751,"w":-0.9497036337852478},"size":158.37078857421876,"orthographic":false}